INSERT INTO `hibernate_sequence` (`next_val`) VALUES
(420),
(420),
(420),
(420),
(420),
(420),
(420),
(420),
(420),
(420),
(420),
(420),
(420),
(420),
(420),
(420),
(420),
(420),
(420);

INSERT INTO `users` (`id`, `cin`, `email`, `enabled`, `name`, `password`, `token`, `type`) VALUES
(1, 123456789, 'user1@email.com', b'1', 'User1', 'password', 'i', 1),
(2, 12345, 'admin@admin.com', b'1', 'Admin', 'password', 'a', 0),
(3, 123, 'user@user.com', b'1', 'User', 'password', 'r', 2),
(4, 44, 'ins@email.com', b'1', 'Instructor 2', 'password', 'i1', 1),
(100, 1234567812111111, 'this_should__work22@email.com', b'0', 'Test', 'password', '1538451325787Y0hw0KQAo', 2),
(101, 12345678121112111, 'this_should_also_work22@email.com', b'1', 'Victor', 'password', '1538463303888t86xl', 2),
(108, 123456781211121111, 'this_should_also_work223@email.com', b'1', 'New name', 'password', 'r1', 2),
(111, 987654, 'virockn7@yahoo.com', b'1', 'Victor', '$2a$10$sLZ1XVX2GcSYhPGF/8Y2kOn/oFA9HVti6ulTr7KMAv2JrTpvEP/4O', '1539112397745aXC9x3', 2),
(112, 1539045512778157, '153904551277848@email.com', b'1', 'Test', '$2a$10$njzP0EHLphnCF/yyJ10xMO.Uz3As69QqvnDVIgFSyXky8kPTEDpGC', '15390455132643NdRWWH', 2),
(212, 981232312321876, '1234567891233@email.com', b'1', 'Victor', '$2a$10$yenmxFC0.L2eZDfOLtObuuVzcYkszwe4JJ4vVv6rJg3hVvGHBB9YC', '1539050081677gdscU', 2),
(215, 1539050102832177, 'e153905010283284@email.com', b'1', 'Test', '$2a$10$7TNJcoAxslbNSLrXQPLYIuzleLpV1ttYAIRtq.lEtlZcSb8Ow0aeW', '1539050102853bXf4j', 2),
(217, 1539050102832117, '153905010283268@email.com', b'1', 'Test', '$2a$10$JcXikkR4y2L3upTrnzNGQOrh94PYNikdWZBW7iutQz9fHEvq2bEzW', '1539050102854Bg8snl4', 2),
(219, 1539050141281233, '1539050141281113@email.com', b'1', 'Test', '$2a$10$Z49py5Wl4HXSzay23qzdyO97ePVEFtcvy16yStKsH9ylkSPZQ1vZq', '1539050141298u1DvR', 2),
(222, 1539050141281248, '1539050141281130@email.com', b'1', 'Test', '$2a$10$srIuHek0Qznb11Tqo0FAwuWh.bNYB1Q6nMADzcpbtfe44MrF4g95.', '1539050141301eMLUhS', 2),
(228, 153905016401867, '1234224@gmail.com', b'1', 'Test', '$2a$10$CZ2Bq13T3Tluer2YotrDJ.mptezkwVr9/RkMHYD92dDaQ4aOQSisq', '1539112720411aCAL3oG', 2),
(229, 153905016401886, '1539050164018233@email.com', b'1', 'Test', '$2a$10$/gPWmM4TSwvC3okKk2xJfe9sLZjGPNVbEofyaRSJTewb8Fu2wW/eG', '15390501640509dTcOEX', 2),
(231, 15390502221191574, '15390502221191341@email.com', b'1', 'Test', '$2a$10$NDUA.8I1ueH3tYc8VB4y0eAKabQ.Z/dvOQm7Z9xmURN1gQiKOtTI2', '1539050222137CCWow1FVU', 2),
(232, 15390502221191003, '15390502221191217@email.com', b'1', 'Test', '$2a$10$ocIkTVSUoXROm/KUzs9TnOm.2LXJSaqGNBZI..LTa83lXWTyb./B2', '1539050222136VjGpa2akF', 2),
(238, 15390503049601323, '15390503049601230@email.com', b'1', 'Test', '$2a$10$QNkVVVC/zXgS8Vdbm/Mscu5DmlCVeJg/l/HdlWmQFtMNHA6uq6tOq', '1539050304978d8Tcgi1', 2),
(241, 15390503049601068, '1539050304960273@email.com', b'1', 'Test', '$2a$10$Xysq0tO/W8zokghdkAdV7OY0AZ8oV8mIUhmE67aMlaxvvSYhAmZAy', '1539050304978ki5e1', 2),
(247, 15390504610911821, '15390504610911491@email.com', b'1', 'Test', '$2a$10$gA.D4Ipib0.anAUVkhYBe.4N/gpI6Yk2sj181UtIGb8jdI7B8Df5i', '15390504611100om26', 2),
(252, 15390505061951486, '15390505061952446@email.com', b'1', 'Test', '$2a$10$najmc2BmTJ7v/ihnPuBm8OsGHqrGLwvYp5wJeKE5E5yxsRIYWlwbC', '1539050506212ofH8kax', 2),
(253, 1539051045705514, '1539051045705454@email.com', b'1', 'Test', '$2a$10$xjAUzLaDlgNkCuCeDM2lBO4CISueIMEbwrYKsYZ4ln5RXAE8D3ode', '1539051045723u0d6A', 2),
(262, 153905107045659, '1539051070456604@email.com', b'1', 'Test', '$2a$10$B.f7DD7L5fEVSaWbaFzBEedn1.sy99disKidIpO2VLuH5y0ymL/2.', '1539051070479cCwU1', 2),
(270, 15390511535601780, '1539051153560843@email.com', b'1', 'Test', '$2a$10$3fQADfnFa2147PkqheTGluxcLwF6FppKeDngquc6TIPOyswiOzexi', '1539051153580khXpZ', 2),
(276, 15390512775602426, '1539051277560486@email.com', b'1', 'Test', '$2a$10$B4Y0womnE7bHgNH3g.8DzeQ6muRUXVR1DA7WK5NaCemTk8AQeAbOS', '1539051277581mmhavf', 2),
(285, 15390525772241144, '15390525772241672@email.com', b'1', 'Test', '$2a$10$oUEuyTH4mGP8T0MQtO14s.2oHdyZQlKzbH9BJ1GKNOad8xaFmCTp.', '1539052577332GjNjiHxN', 2),
(286, 15390528158141800, '15390528158141264@email.com', b'0', 'Test', '$2a$10$VRWh2rZYsxuESJhIBb91U.gHmLCOfC2U8I5PbbgFXhEEmjM7JbcbS', '1539052815877mZcywlx', 2),
(292, 15390535234012232, '15390535234011611@email.com', b'1', 'Test', '$2a$10$zQnI8ILSc5DWBYQ8qlEHmeM4Ll.1YQox4.siVGnBLdPtTCBsjIZxG', '1539053523451gn04Bnc', 2),
(296, 15390541292141225, '15390541292141365@email.com', b'1', 'Test', '$2a$10$/P1/iCJWLR03IV1xMNajVOOyPLiGsWwHCN/Rm/0TDX0h7YE7uOLVa', '1539054129289ZWJkeMx', 2),
(304, 15390547626341861, '15390547626341984@email.com', b'1', 'Test', '$2a$10$skye7zDyhYR9eYheJ.E4repflBYskF9xhcRn1dd2CaXfos9itx51m', '1539054762731tefmFA', 2),
(308, 1539055476845419, '15390554768452158@email.com', b'1', 'Test', '$2a$10$m1z9m/VfxTJR6NpsV981GOy8JB/eY1/6GwOIFvo6qcqXnG9lVAVuq', '15390554769014nh9d', 2),
(312, 1539056426913299, '153905642691347@email.com', b'1', 'Test', '$2a$10$poAQtEJj8fcTwyhJQRIMaelqeGqe1PA9uxI7g4fn2SIkIVjjCNTzC', '1539056427152P7QeI3CzM', 2),
(318, 15390752929791806, '15390752929791917@email.com', b'1', 'Test', '$2a$10$0qqJwspa9A.OtQS/wP2O6.6I9CXPXxIccccpZ7FMFOFODdJs0WNeK', '15390752944486j5G1LJKi', 2),
(323, 1539111514092426, '15391115141161200@email.com', b'1', 'Test', '$2a$10$R6Tj.A1ABGQCBkUbCrinE.KZI22cJJ72TE14lrzViyImFXPoCBbCe', '1539111515672rbjnQTO', 2),
(327, 15391317484221733, '15391317484371567@email.com', b'1', 'Test', '$2a$10$M28T0gUTFNbEEYHy3r6kTOycOsgyIWgoZyOawnyqc0KCBsml1I0A2', '1539131748913YFZROi6ek', 2),
(331, 15391561059581912, '1539156105976819@email.com', b'1', 'Test', '$2a$10$OCHusL1lnhtdIxjVgvqSi.WB7JBBPhp/.Q6R7Zd4orBN79/zimE7O', '1539156106247K18zyGwE', 2),
(347, 1539157730826850, '15391577308261809@email.com', b'1', 'Test', '$2a$10$X0GZJlZ0E14CmVri/E6p8e3coxQ3rwleI0SmfDzqy61iDTDWL0gT2', '1539157731184fRTaw', 2),
(355, 15391580199101237, '15391580199101257@email.com', b'1', 'Test', '$2a$10$LauFFZYHahI1B9CIAC118.456aCTwJcm265c9fvs9THFUj2oMpbPq', '1539158020017xJnvzn', 2),
(362, 15391583528061170, '1539158352806357@email.com', b'1', 'Test', '$2a$10$Jmo/lxrU4ptHZpLaFh8Q3.bpiO9aOHhki6s4JKZGzKNlE.NkoKoDK', '1539158353189VSNAE', 2),
(370, 1539158493874539, '1539158493874920@email.com', b'1', 'Test', '$2a$10$IzqGq0odlMrOVjEjsuHJP.L2UQRF85hQFL8I61UZUBoEWnDBIKms6', '15391584940227aspwcW', 2),
(377, 15391587852942119, '1539158785294331@email.com', b'1', 'Test', '$2a$10$5hVm/cRtrSfLUqTxxIzuJ.umpjSJ1TBpHMM2q/WENSpNqNKcCPUH6', '1539158785718IVjrn', 2),
(384, 15391595993811099, '15391595993812317@email.com', b'1', 'Test', '$2a$10$YjqqpdH2MOsWg3.dIX2Si.BaRUPSGUf6cwlGKFWUc0ZHPw/73aHBe', '15391595997033LOAx8ZI', 2),
(387, 1539161019048765, '15391610190482366@email.com', b'1', 'Test', '$2a$10$p4Rl2aoLOp18q4IrZ6hac.EJ7NM80ZiIxW//T1adLnFaA5ajpfxtm', '15391610194187fjWcS', 2),
(394, 15391619264361472, '15391619264362238@email.com', b'1', 'Test', '$2a$10$F3F9zSCQoGoO9wbW6LVgUOmSfyN39FVV9kaVUhTQKvsYUGXLW09wS', '1539161926729ATVqDiJbm', 2),
(400, 15391627186592531, '15391627186591023@email.com', b'1', 'Test', '$2a$10$rs/muqnX0sUUfi0UV24VJOcbjKwxd7GuJTUl/0LVdF8jL5UkMfxOK', '1539162718785L1JLv4', 2),
(411, 15391628455021986, '15391628455021711@email.com', b'1', 'Test', '$2a$10$kmXeWcb2zTREty6vchBdQu1VtkbXBLdIZALzclZiWuWnjR0KCPlX.', '15391628456019wexn', 2),
(415, 15391631024321526, '15391631024321820@email.com', b'1', 'Test', '$2a$10$tgnwKxyTykFkDDOzLCZJU.AiIXiF7xM3JNCAyp1QrnEEns9ct8LHO', '1539163102546TkEUWETjX', 2);

INSERT INTO `terms` (`id`, `description`) VALUES
(1, 'Fall Semester 2018'),
(103, 'Fall semester 2020'),
(104, 'New description'),
(110, 'New description'),
(341, 'Edited description'),
(350, 'Test description'),
(357, 'Test description'),
(364, 'Test description'),
(371, 'Test description'),
(379, 'Test description'),
(386, 'Test description'),
(393, 'Test description'),
(399, 'Test description'),
(406, 'Test description'),
(419, 'Test description');

INSERT INTO `classes` (`class_no`, `description`) VALUES
(4660, 'Artificial Intelligence'),
(4661, 'Data Science'),
(1539159573886762, 'Test description'),
(1539161926444130, 'Test description'),
(15391595829991203, 'Test description'),
(15391595993891467, 'Edit Description'),
(15391610190562195, 'Test description'),
(15391627186672055, 'Test description'),
(15391628455102286, 'Test description'),
(15391631024402155, 'Test description');

INSERT INTO `specific_classes` (`id`, `class_end_date`, `class_start_date`, `end_time`, `room`, `section`, `start_time`, `instructor_id`, `class_no`, `term_id`) VALUES
(1, '2018-12-31 00:00:00.000000', '2018-09-01 00:00:00.000000', '2018-10-06 12:00:00.000000', 'ET 401', 1, '2018-10-06 10:00:00.000000', 1, 4660, 1),
(106, '2018-12-31 00:00:00.000000', '2018-09-01 00:00:00.000000', '2018-12-31 00:00:00.000000', 'ET 104', 2, '2018-09-01 00:00:00.000000', 1, 4661, 1);

INSERT INTO `assignments` (`id`, `answer`, `due_date`, `post_date`, `question`, `specific_class_id`) VALUES
(1, '5', '2019-04-12 00:00:00.000000', '2018-09-30 00:00:00.000000', 'Hello World', 1),
(3, '19', '2018-10-08 00:00:00.000000', '2018-10-04 00:00:00.000000', '10 + 9', 1),
(109, '50', '2018-12-31 00:00:00.000000', '2018-09-01 00:00:00.000000', 'Compute 10 * 5', 106);

INSERT INTO `user_assignments` (`id`, `code`, `comment`, `language`, `score`, `assignment_id`, `user_id`) VALUES
(1, 'public class MyClass {public static void main(String args[]) {System.out.print(5);}}', 'Great job!', 'java', 10, 1, 3),
(11, 'G', 'G', 'G', 1, 3, 3),
(102, 'cout<<\"Hello World\"', NULL, 'C++', 100, 1, 100);

INSERT INTO `user_classes` (`specific_class_id`, `user_id`) VALUES
(1, 3),
(1, 100);